SRR8049189_1	ftp://ftp.sra.ebi.ac.uk/vol1/fastq/SRR804/009/SRR8049189/SRR8049189_1.fastq.gz
SRR8049189_2	ftp://ftp.sra.ebi.ac.uk/vol1/fastq/SRR804/009/SRR8049189/SRR8049189_2.fastq.gz
SRR2827626_1	ftp://ftp.sra.ebi.ac.uk/vol1/fastq/SRR282/006/SRR2827626/SRR2827626_1.fastq.gz
SRR2827626_2	ftp://ftp.sra.ebi.ac.uk/vol1/fastq/SRR282/006/SRR2827626/SRR2827626_2.fastq.gz
SRR2827622_1	ftp://ftp.sra.ebi.ac.uk/vol1/fastq/SRR282/002/SRR2827622/SRR2827622_1.fastq.gz
SRR2827622_2	ftp://ftp.sra.ebi.ac.uk/vol1/fastq/SRR282/002/SRR2827622/SRR2827622_2.fastq.gz
SRR2827624_1	ftp://ftp.sra.ebi.ac.uk/vol1/fastq/SRR282/004/SRR2827624/SRR2827624_1.fastq.gz
SRR2827624_2	ftp://ftp.sra.ebi.ac.uk/vol1/fastq/SRR282/004/SRR2827624/SRR2827624_2.fastq.gz
SRR2827618_1	ftp://ftp.sra.ebi.ac.uk/vol1/fastq/SRR282/008/SRR2827618/SRR2827618_1.fastq.gz
SRR2827618_2	ftp://ftp.sra.ebi.ac.uk/vol1/fastq/SRR282/008/SRR2827618/SRR2827618_2.fastq.gz
SRR2827619_1	ftp://ftp.sra.ebi.ac.uk/vol1/fastq/SRR282/009/SRR2827619/SRR2827619_1.fastq.gz
SRR2827619_2	ftp://ftp.sra.ebi.ac.uk/vol1/fastq/SRR282/009/SRR2827619/SRR2827619_2.fastq.gz
SRR2827621_1	ftp://ftp.sra.ebi.ac.uk/vol1/fastq/SRR282/001/SRR2827621/SRR2827621_1.fastq.gz
SRR2827621_2	ftp://ftp.sra.ebi.ac.uk/vol1/fastq/SRR282/001/SRR2827621/SRR2827621_2.fastq.gz
SRR2827620_1	ftp://ftp.sra.ebi.ac.uk/vol1/fastq/SRR282/000/SRR2827620/SRR2827620_1.fastq.gz
SRR2827620_2	ftp://ftp.sra.ebi.ac.uk/vol1/fastq/SRR282/000/SRR2827620/SRR2827620_2.fastq.gz
SRR2827623_1	ftp://ftp.sra.ebi.ac.uk/vol1/fastq/SRR282/003/SRR2827623/SRR2827623_1.fastq.gz
SRR2827623_2	ftp://ftp.sra.ebi.ac.uk/vol1/fastq/SRR282/003/SRR2827623/SRR2827623_2.fastq.gz
SRR2827625_1	ftp://ftp.sra.ebi.ac.uk/vol1/fastq/SRR282/005/SRR2827625/SRR2827625_1.fastq.gz
SRR2827625_2	ftp://ftp.sra.ebi.ac.uk/vol1/fastq/SRR282/005/SRR2827625/SRR2827625_2.fastq.gz
SRR7107853_1	ftp://ftp.sra.ebi.ac.uk/vol1/fastq/SRR710/003/SRR7107853/SRR7107853_1.fastq.gz
SRR7107853_2	ftp://ftp.sra.ebi.ac.uk/vol1/fastq/SRR710/003/SRR7107853/SRR7107853_2.fastq.gz
SRR40305703_1	ftp://ftp.sra.ebi.ac.uk/vol1/fastq/SRR403/003/SRR40305703/SRR40305703_1.fastq.gz
SRR40305703_2	ftp://ftp.sra.ebi.ac.uk/vol1/fastq/SRR403/003/SRR40305703/SRR40305703_2.fastq.gz
SRR40305707_1	ftp://ftp.sra.ebi.ac.uk/vol1/fastq/SRR403/007/SRR40305707/SRR40305707_1.fastq.gz
SRR40305707_2	ftp://ftp.sra.ebi.ac.uk/vol1/fastq/SRR403/007/SRR40305707/SRR40305707_2.fastq.gz
SRR40305705_1	ftp://ftp.sra.ebi.ac.uk/vol1/fastq/SRR403/005/SRR40305705/SRR40305705_1.fastq.gz
SRR40305705_2	ftp://ftp.sra.ebi.ac.uk/vol1/fastq/SRR403/005/SRR40305705/SRR40305705_2.fastq.gz
SRR40305702_1	ftp://ftp.sra.ebi.ac.uk/vol1/fastq/SRR403/002/SRR40305702/SRR40305702_1.fastq.gz
SRR40305702_2	ftp://ftp.sra.ebi.ac.uk/vol1/fastq/SRR403/002/SRR40305702/SRR40305702_2.fastq.gz
SRR40305706_1	ftp://ftp.sra.ebi.ac.uk/vol1/fastq/SRR403/006/SRR40305706/SRR40305706_1.fastq.gz
SRR40305706_2	ftp://ftp.sra.ebi.ac.uk/vol1/fastq/SRR403/006/SRR40305706/SRR40305706_2.fastq.gz
SRR8472967	ftp://ftp.sra.ebi.ac.uk/vol1/fastq/SRR847/007/SRR8472967/SRR8472967.fastq.gz
SRR8472966	ftp://ftp.sra.ebi.ac.uk/vol1/fastq/SRR847/006/SRR8472966/SRR8472966.fastq.gz
SRR32686212_1	ftp://ftp.sra.ebi.ac.uk/vol1/fastq/SRR326/012/SRR32686212/SRR32686212_1.fastq.gz
SRR32686212_2	ftp://ftp.sra.ebi.ac.uk/vol1/fastq/SRR326/012/SRR32686212/SRR32686212_2.fastq.gz
SRR32686213_1	ftp://ftp.sra.ebi.ac.uk/vol1/fastq/SRR326/013/SRR32686213/SRR32686213_1.fastq.gz
SRR32686213_2	ftp://ftp.sra.ebi.ac.uk/vol1/fastq/SRR326/013/SRR32686213/SRR32686213_2.fastq.gz
ERR8765682	ftp://ftp.sra.ebi.ac.uk/vol1/fastq/ERR876/002/ERR8765682/ERR8765682.fastq.gz
# ERR8765682_s	ftp://ftp.sra.ebi.ac.uk/vol1/run/ERR876/ERR8765682/Hov4_2_P7.fastq.gz
ERR8765415	ftp://ftp.sra.ebi.ac.uk/vol1/fastq/ERR876/005/ERR8765415/ERR8765415.fastq.gz
# ERR8765415_s	ftp://ftp.sra.ebi.ac.uk/vol1/run/ERR876/ERR8765415/Hov4_1_P7.fastq.gz
ERR8765656	ftp://ftp.sra.ebi.ac.uk/vol1/fastq/ERR876/006/ERR8765656/ERR8765656.fastq.gz
# ERR8765656_s	ftp://ftp.sra.ebi.ac.uk/vol1/run/ERR876/ERR8765656/Hov4_5_P7.fastq.gz
ERR8765649	ftp://ftp.sra.ebi.ac.uk/vol1/fastq/ERR876/009/ERR8765649/ERR8765649.fastq.gz
# ERR8765649_s	ftp://ftp.sra.ebi.ac.uk/vol1/run/ERR876/ERR8765649/Hov4_4_P7.fastq.gz
ERR8765645	ftp://ftp.sra.ebi.ac.uk/vol1/fastq/ERR876/005/ERR8765645/ERR8765645.fastq.gz
# ERR8765645_s	ftp://ftp.sra.ebi.ac.uk/vol1/run/ERR876/ERR8765645/Hov4_3_P7.fastq.gz
ERR8765406	ftp://ftp.sra.ebi.ac.uk/vol1/fastq/ERR876/006/ERR8765406/ERR8765406.fastq.gz
# ERR8765406_s	ftp://ftp.sra.ebi.ac.uk/vol1/run/ERR876/ERR8765406/Hov4_6_P6.fastq.gz
ERR7987289_1	ftp://ftp.sra.ebi.ac.uk/vol1/fastq/ERR798/009/ERR7987289/ERR7987289_1.fastq.gz
ERR7987289_2	ftp://ftp.sra.ebi.ac.uk/vol1/fastq/ERR798/009/ERR7987289/ERR7987289_2.fastq.gz
ERR7987287_1	ftp://ftp.sra.ebi.ac.uk/vol1/fastq/ERR798/007/ERR7987287/ERR7987287_1.fastq.gz
ERR7987287_2	ftp://ftp.sra.ebi.ac.uk/vol1/fastq/ERR798/007/ERR7987287/ERR7987287_2.fastq.gz
ERR7987290_1	ftp://ftp.sra.ebi.ac.uk/vol1/fastq/ERR798/000/ERR7987290/ERR7987290_1.fastq.gz
ERR7987290_2	ftp://ftp.sra.ebi.ac.uk/vol1/fastq/ERR798/000/ERR7987290/ERR7987290_2.fastq.gz
ERR5903374_1	ftp://ftp.sra.ebi.ac.uk/vol1/fastq/ERR590/004/ERR5903374/ERR5903374_1.fastq.gz
ERR5903374_2	ftp://ftp.sra.ebi.ac.uk/vol1/fastq/ERR590/004/ERR5903374/ERR5903374_2.fastq.gz
ERR5906617_1	ftp://ftp.sra.ebi.ac.uk/vol1/fastq/ERR590/007/ERR5906617/ERR5906617_1.fastq.gz
ERR5906617_2	ftp://ftp.sra.ebi.ac.uk/vol1/fastq/ERR590/007/ERR5906617/ERR5906617_2.fastq.gz
ERR5903368_1	ftp://ftp.sra.ebi.ac.uk/vol1/fastq/ERR590/008/ERR5903368/ERR5903368_1.fastq.gz
ERR5903368_2	ftp://ftp.sra.ebi.ac.uk/vol1/fastq/ERR590/008/ERR5903368/ERR5903368_2.fastq.gz
ERR5906616_1	ftp://ftp.sra.ebi.ac.uk/vol1/fastq/ERR590/006/ERR5906616/ERR5906616_1.fastq.gz
ERR5906616_2	ftp://ftp.sra.ebi.ac.uk/vol1/fastq/ERR590/006/ERR5906616/ERR5906616_2.fastq.gz
ERR5906614_1	ftp://ftp.sra.ebi.ac.uk/vol1/fastq/ERR590/004/ERR5906614/ERR5906614_1.fastq.gz
ERR5906614_2	ftp://ftp.sra.ebi.ac.uk/vol1/fastq/ERR590/004/ERR5906614/ERR5906614_2.fastq.gz
ERR5906615_1	ftp://ftp.sra.ebi.ac.uk/vol1/fastq/ERR590/005/ERR5906615/ERR5906615_1.fastq.gz
ERR5906615_2	ftp://ftp.sra.ebi.ac.uk/vol1/fastq/ERR590/005/ERR5906615/ERR5906615_2.fastq.gz
